,Variables_name,Variables,Importance
0,FSH,FSH,0.701632326003164
1,LH,LH,0.6407461585476995
3,P,P,0.5941166463308036
2,E2,E2,0.5882388120517135
4,PRL,PRL,0.5385530474595726
5,T,T,0.5111780473962426
6,FSH-F,FSH-F,0.04929075118343462
8,E2-F2,E2-F2,0.038899719667824684
9,P-F2,P-F2,0.03240265070053283
10,PRL-F2,PRL-F2,0.027003710378266987
7,LH-F2,LH-F2,0.026354784866271075
11,T-F2,T-F2,0.023996157531655626
