,Variables_name,Variables,Importance
1,BMI,BMI,0.7663622889667749
0,Age,Age,0.49566192319616675
5,Blood Type（ABO)A_B_AB_O,Blood Type（ABO)A_B_AB_O,0.22765742987394333
2,TSH,TSH,0.09711337060434744
4,AoAb,AoAb,0.09333869055262767
6,Blood Type（ABO)AB_Abn,Blood Type（ABO)AB_Abn,0.07942085944523569
3,EMAb,EMAb,0.07814085413701832
