,Decision Tree,LDA,Logistic,Random Forest,SVM,XGBoost
AUC_macro_test,0.5806586179819395,0.6005962897526502,0.6018232234000785,0.5532611896348646,,0.5901305457400864
Accuracy_test,0.6791569086651054,0.6721311475409836,0.6744730679156908,0.6135831381733021,0.6627634660421545,0.6651053864168618
F1_weighted_test,0.5940662112162742,0.5837117048224442,0.5852098713100169,0.6023930703015979,0.5445612770893183,0.5378873881270457
Sensitivity_test,0.9681978798586572,0.9646643109540636,0.9681978798586572,0.7561837455830389,0.9858657243816255,0.9964664310954063
Specifity_test,0.1111111111111111,0.09722222222222222,0.09722222222222222,0.3333333333333333,0.027777777777777776,0.013888888888888888
