,Decision Tree,LDA,Logistic,Random Forest,SVM,XGBoost
AUC_macro_test,0.514672439429721,0.5455917082130675,0.5469036998163213,0.5430551911134436,,0.5296182104434533
Accuracy_test,0.6761487964989059,0.6761487964989059,0.6761487964989059,0.612691466083151,0.6761487964989059,0.6761487964989059
F1_weighted_test,0.5455090812484645,0.5455090812484645,0.5455090812484645,0.6060761886658711,0.5455090812484645,0.5455090812484645
Sensitivity_test,1.0,1.0,1.0,0.7411003236245954,1.0,1.0
Specifity_test,0.0,0.0,0.0,0.34459459459459457,0.0,0.0
