,Decision Tree,LDA,Logistic,Random Forest,SVM,XGBoost
AUC_macro_test,0.5806586179819395,0.5793457989791913,0.5794439536709854,0.5584265802905379,,0.5865847074990184
Accuracy_test,0.6791569086651054,0.6627634660421545,0.667447306791569,0.6018735362997658,0.667447306791569,0.6627634660421545
F1_weighted_test,0.5940662112162742,0.5748116675488142,0.5777647291770506,0.5947381647471474,0.5545953344079807,0.5283438334927598
Sensitivity_test,0.9681978798586572,0.9540636042402827,0.9611307420494699,0.7314487632508834,0.9858657243816255,1.0
Specifity_test,0.1111111111111111,0.09027777777777778,0.09027777777777778,0.3472222222222222,0.041666666666666664,0.0
