,Decision Tree,LDA,Logistic,Random Forest,SVM,XGBoost
AUC_macro_test,0.5203619909502263,0.5075414781297134,0.5047134238310709,0.501131221719457,,0.5167797888386124
Accuracy_test,0.6193548387096774,0.6645161290322581,0.6580645161290323,0.6774193548387096,0.6774193548387096,0.6774193548387096
F1_weighted_test,0.5917171028864643,0.5665519007009552,0.5534992651845091,0.6132397480890341,0.5741409339961537,0.5535903206570874
Sensitivity_test,0.8076923076923077,0.9615384615384616,0.9615384615384616,0.9326923076923077,0.9807692307692307,1.0
Specifity_test,0.23529411764705882,0.058823529411764705,0.0392156862745098,0.1568627450980392,0.058823529411764705,0.0196078431372549
