,Decision Tree,LDA,Logistic,Random Forest,SVM,XGBoost
AUC_macro_test,0.5211161387631976,0.5082956259426847,0.5058446455505279,0.5078242835595776,,0.5199849170437406
Accuracy_test,0.632258064516129,0.6580645161290323,0.6580645161290323,0.6967741935483871,0.6774193548387096,0.6774193548387096
F1_weighted_test,0.5817124126705335,0.5534992651845091,0.5534992651845091,0.6450239476701215,0.5832229814432262,0.5535903206570874
Sensitivity_test,0.8653846153846154,0.9615384615384616,0.9615384615384616,0.9326923076923077,0.9711538461538461,1.0
Specifity_test,0.1568627450980392,0.0392156862745098,0.0392156862745098,0.21568627450980393,0.0784313725490196,0.0196078431372549
