,Decision Tree,LDA,Logistic,Random Forest,SVM,XGBoost
AUC_macro_test,0.4623022279625444,0.511139812721989,0.5067000322893123,0.5765660316435259,,0.5035518243461414
Accuracy_test,0.6192468619246861,0.6694560669456067,0.6694560669456067,0.6359832635983264,0.6778242677824268,0.6778242677824268
F1_weighted_test,0.5387835665173696,0.5734518908402062,0.5734518908402062,0.5890883073512786,0.5510491553542921,0.5510491553542921
Sensitivity_test,0.8895705521472392,0.9570552147239264,0.9570552147239264,0.8588957055214724,0.9938650306748467,0.9938650306748467
Specifity_test,0.039473684210526314,0.05263157894736842,0.05263157894736842,0.15789473684210525,0.0,0.0
