,Variables_name,Variables,Importance
3,色谱法同型半胱氨酸测定,色谱法同型半胱氨酸测定,0.9920936999842525
0,年龄,年龄,0.6997583601623774
1,孕次,孕次,0.3211764612933621
5,自然流产次数,自然流产次数,0.25360289553646
2,产次,产次,0.1259505627094768
4,剖宫产次,剖宫产次,0.07031098307925276
6,顺产次,顺产次,0.05883534728491213
